"","cdd","city","longitude","latitude","population"
"1",3668,"New York",-74.0059413,40.7127837,"8405837"
"2",5648,"Los Angeles",-118.2436849,34.0522342,"3884307"
"3",3531,"Chicago",-87.6297982,41.8781136,"2718782"
"4",7725,"Houston",-95.3698028,29.7604267,"2195914"
"5",4239,"Philadelphia",-75.1652215,39.9525839,"1553165"
"6",9198,"Phoenix",-112.0740373,33.4483771,"1513367"
"7",7446,"San Antonio",-98.4936282,29.4241219,"1409019"
"8",4974,"San Diego",-117.1610838,32.715738,"1355896"
"9",6785,"Dallas",-96.7969879,32.7766642,"1257676"
"10",4013,"San Jose",-121.8863286,37.3382082,"998537"
"11",7342,"Austin",-97.7430608,30.267153,"885400"
"12",3330,"Indianapolis",-86.158068,39.768403,"843393"
"13",7505,"Jacksonville",-81.655651,30.3321838,"842583"
"14",2757,"San Francisco",-122.4194155,37.7749295,"837442"
"15",3457,"Columbus",-82.9987942,39.9611755,"822553"
"16",4623,"Charlotte",-80.8431267,35.2270869,"792862"
"17",6334,"Fort Worth",-97.3307658,32.7554883,"792727"
"18",3032,"Detroit",-83.0457538,42.331427,"688701"
"19",5848,"El Paso",-106.4424559,31.7775757,"674433"
"20",5685,"Memphis",-90.0489801,35.1495343,"653450"
"21",2228,"Seattle",-122.3320708,47.6062095,"652405"
"22",3232,"Denver",-104.990251,39.7392358,"649495"
"23",4337,"Washington",-77.0368707,38.9071923,"646449"
"24",2936,"Boston",-71.0588801,42.3600825,"645966"
"25",4723,"Nashville-Davidson",-86.7816016,36.1626638,"634464"
"26",5291,"Baltimore",-76.6121893,39.2903848,"622104"
"27",5325,"Oklahoma City",-97.5164276,35.4675602,"610613"
"28",4567,"Louisville/Jefferson County",-85.7584557,38.2526647,"609893"
"29",2617,"Portland",-122.6764816,45.5230622,"609456"
"30",7024,"Las Vegas",-115.1398296,36.1699412,"603488"
"31",2958,"Milwaukee",-87.9064736,43.0389025,"599164"
"32",4065,"Albuquerque",-106.6055534,35.0853336,"556495"
"33",7475,"Tucson",-110.926479,32.2217429,"526116"
"34",5601,"Fresno",-119.7725868,36.7468422,"509924"
"35",4917,"Sacramento",-121.4943996,38.5815719,"479686"
"36",5394,"Long Beach",-118.1937395,33.7700504,"469428"
"37",4480,"Kansas City",-94.5785667,39.0997265,"467007"
"38",7839,"Mesa",-111.8314724,33.4151843,"457587"
"39",4624,"Virginia Beach",-75.977985,36.8529263,"448479"
"40",5077,"Atlanta",-84.3879824,33.7489954,"447841"
"41",2434,"Colorado Springs",-104.8213634,38.8338816,"439886"
"42",3504,"Omaha",-95.9979883,41.2523634,"434353"
"43",4862,"Raleigh",-78.6381787,35.7795897,"431746"
"44",9581,"Miami",-80.1917902,25.7616798,"417650"
"45",3436,"Oakland",-122.2711137,37.8043637,"406253"
"46",3140,"Minneapolis",-93.2650108,44.977753,"400070"
"47",5200,"Tulsa",-95.992775,36.1539816,"398121"
"48",3356,"Cleveland",-81.6943605,41.49932,"390113"
"49",4465,"Wichita",-97.336111,37.688889,"386552"
"50",6278,"Arlington",-97.1080656,32.735687,"379577"
"51",7427,"New Orleans",-90.0715323,29.9510658,"378715"
"52",5843,"Bakersfield",-119.0187125,35.3732921,"363630"
"53",8578,"Tampa",-82.4571776,27.950575,"352957"
"54",9904,"Honolulu",-157.8583333,21.3069444,"347884"
"55",2787,"Aurora",-104.8319195,39.7294319,"345803"
"56",5515,"Anaheim",-117.9145036,33.8352932,"345012"
"57",5693,"Santa Ana",-117.8678338,33.7455731,"334227"
"58",4553,"St. Louis",-90.1994042,38.6270025,"318416"
"59",6162,"Riverside",-117.3961564,33.9533487,"316619"
"60",8196,"Corpus Christi",-97.396381,27.8005828,"316381"
"61",3930,"Lexington-Fayette",-84.5037164,38.0405837,"308428"
"62",3130,"Pittsburgh",-79.9958864,40.4406248,"305841"
"63",880,"Anchorage",-149.9002778,61.2180556,"300950"
"64",4794,"Stockton",-121.2907796,37.9577016,"298118"
"65",3653,"Cincinnati",-84.5120196,39.1031182,"297517"
"66",2918,"St. Paul",-93.0899578,44.9537029,"294873"
"67",3405,"Toledo",-83.555212,41.6639383,"282313"
"68",4499,"Greensboro",-79.7919754,36.0726354,"279639"
"69",3735,"Newark",-74.1723667,40.735657,"278427"
"70",6223,"Plano",-96.6988856,33.0198431,"274409"
"71",6838,"Henderson",-114.9817213,36.0395247,"270811"
"72",3540,"Lincoln",-96.6851982,40.8257625,"268738"
"73",2579,"Buffalo",-78.8783689,42.8864468,"258959"
"74",3735,"Jersey City",-74.0776417,40.7281575,"257342"
"75",4949,"Chula Vista",-117.0841955,32.6400541,"256780"
"76",3099,"Fort Wayne",-85.1393513,41.079273,"256496"
"77",8539,"Orlando",-81.3792365,28.5383355,"255483"
"78",8847,"St. Petersburg",-82.64,27.773056,"249688"
"79",7839,"Chandler",-111.8412502,33.3061605,"249146"
"80",8940,"Laredo",-99.4803241,27.5305671,"248142"
"81",4742,"Norfolk",-76.2858726,36.8507689,"246139"
"82",4168,"Durham",-78.898619,35.9940329,"245475"
"83",2609,"Madison",-89.4012302,43.0730517,"243344"
"84",4964,"Lubbock",-101.8551665,33.5778631,"239538"
"85",5955,"Irvine",-117.7946942,33.6839473,"236716"
"86",4584,"Winston-Salem",-80.244216,36.0998596,"236441"
"87",8496,"Glendale",-112.1859866,33.5386523,"234632"
"88",6223,"Garland",-96.6388833,32.912624,"234566"
"89",9489,"Hialeah",-80.2781057,25.8575963,"233394"
"90",3076,"Reno",-119.8138027,39.5296329,"233294"
"91",4742,"Chesapeake",-76.2874927,36.7682088,"230571"
"92",7839,"Gilbert",-111.789027,33.3528264,"229972"
"93",6995,"Baton Rouge",-91.1403196,30.4582829,"229426"
"94",6594,"Irving",-96.9488945,32.8140177,"228653"
"95",7839,"Scottsdale",-111.9260519,33.4941704,"226918"
"96",7133,"North Las Vegas",-115.1175013,36.1988592,"226877"
"97",3625,"Fremont",-121.9885719,37.5482697,"224922"
"98",3133,"Boise City",-116.2146068,43.6187102,"214237"
"99",4519,"Richmond",-77.4360481,37.5407246,"214114"
"100",6102,"San Bernardino",-117.2897652,34.1083449,"213708"
"101",5567,"Birmingham",-86.80249,33.5206608,"212113"
"102",2185,"Spokane",-117.4260466,47.6587802,"210721"
"103",2555,"Rochester",-77.6109219,43.16103,"210358"
"104",3466,"Des Moines",-93.6091064,41.6005448,"207510"
"105",5259,"Modesto",-120.9968782,37.6390972,"204933"
"106",5006,"Fayetteville",-78.8783585,35.0526641,"204408"
"107",2246,"Tacoma",-122.4442906,47.2528768,"203446"
"108",4094,"Oxnard",-119.1770516,34.1975048,"203007"
"109",5712,"Fontana",-117.435048,34.0922335,"203003"
"110",6146,"Columbus",-84.9877094,32.4609764,"202824"
"111",6004,"Montgomery",-86.2999689,32.3668052,"201332"
"112",5712,"Moreno Valley",-117.2296717,33.9424658,"201175"
"113",6163,"Shreveport",-93.7501789,32.5251516,"200327"
"114",3170,"Aurora",-88.3200715,41.7605849,"199963"
"115",3191,"Yonkers",-73.8987469,40.9312099,"199766"
"116",3222,"Akron",-81.5190053,41.0814447,"198100"
"117",5107,"Huntington Beach",-117.9992265,33.660297,"197575"
"118",5561,"Little Rock",-92.2895948,34.7464809,"197357"
"119",6018,"Augusta-Richmond County",-82.0105148,33.4734978,"197350"
"120",4232,"Amarillo",-101.8312969,35.2219971,"196429"
"121",6217,"Glendale",-118.255075,34.1425078,"196021"
"122",6610,"Mobile",-88.0398912,30.6953657,"194899"
"123",2822,"Grand Rapids",-85.6680863,42.9633599,"192294"
"124",3764,"Salt Lake City",-111.8910474,40.7607793,"191180"
"125",6721,"Tallahassee",-84.2807329,30.4382559,"186411"
"126",5313,"Huntsville",-86.5861037,34.7303688,"186254"
"127",6594,"Grand Prairie",-96.9977846,32.7459645,"183372"
"128",4233,"Knoxville",-83.9207392,35.9606384,"183270"
"129",2417,"Worcester",-71.8022934,42.2625932,"182544"
"130",4588,"Newport News",-76.4730122,37.0870821,"182020"
"131",8994,"Brownsville",-97.4974838,25.9017472,"181860"
"132",4015,"Overland Park",-94.6707917,38.9822282,"181260"
"133",5542,"Santa Clarita",-118.542586,34.3916641,"179590"
"134",2961,"Providence",-71.4128343,41.8239891,"177994"
"135",5693,"Garden Grove",-117.9414477,33.7739053,"175140"
"136",4132,"Chattanooga",-85.3096801,35.0456297,"173366"
"137",3698,"Oceanside",-117.3794834,33.1958696,"172794"
"138",6082,"Jackson",-90.1848103,32.2987573,"172638"
"139",9529,"Fort Lauderdale",-80.1373174,26.1224386,"172389"
"140",3574,"Santa Rosa",-122.7140548,38.440429,"171990"
"141",5705,"Rancho Cucamonga",-117.5931084,34.1063989,"171386"
"142",9005,"Port St. Lucie",-80.3582261,27.2730492,"171016"
"143",7839,"Tempe",-111.9400054,33.4255104,"168228"
"144",5705,"Ontario",-117.6508876,34.0633443,"167500"
"145",2538,"Vancouver",-122.6614861,45.6387281,"167405"
"146",9182,"Cape Coral",-81.9495331,26.5628537,"165831"
"147",2694,"Sioux Falls",-96.7311034,43.5445959,"164676"
"148",4162,"Springfield",-93.2922989,37.2089572,"164122"
"149",8496,"Peoria",-112.2373779,33.5805955,"162592"
"150",9671,"Pembroke Pines",-80.2962555,26.007765,"162329"
"151",4405,"Elk Grove",-121.3716178,38.4087993,"161007"
"152",2283,"Salem",-123.0350963,44.9428975,"160614"
"153",5006,"Lancaster",-118.1541632,34.6867846,"159523"
"154",5071,"Corona",-117.5664384,33.8752935,"159503"
"155",2138,"Eugene",-123.0867536,44.0520691,"159190"
"156",5332,"Palmdale",-118.1164613,34.5794343,"157161"
"157",2810,"Salinas",-121.6555013,36.6777372,"155662"
"158",2571,"Springfield",-72.589811,42.1014831,"153703"
"159",7725,"Pasadena",-95.2091006,29.6910625,"152735"
"160",2655,"Fort Collins",-105.084423,40.5852602,"152061"
"161",3373,"Hayward",-122.0807964,37.6688205,"151574"
"162",5541,"Pomona",-117.7499909,34.055103,"151348"
"163",4636,"Cary",-78.7811169,35.79154,"151088"
"164",3048,"Rockford",-89.0939952,42.2711311,"150251"
"165",4416,"Alexandria",-77.0469214,38.8048355,"148892"
"166",5530,"Escondido",-117.086421,33.1192068,"148738"
"167",5243,"McKinney",-96.6397822,33.1972465,"148559"
"168",4480,"Kansas City",-94.6274636,39.114053,"148483"
"169",3189,"Joliet",-88.0817251,41.525031,"147806"
"170",3872,"Sunnyvale",-122.0363496,37.36883,"147559"
"171",4604,"Torrance",-118.3406288,33.8358492,"147478"
"172",3114,"Bridgeport",-73.1951767,41.1865478,"147216"
"173",2896,"Lakewood",-105.0813734,39.7047095,"147214"
"174",10094,"Hollywood",-80.1494901,26.0112014,"146526"
"175",3221,"Paterson",-74.171811,40.9167654,"145948"
"176",2827,"Naperville",-88.1535352,41.7508391,"144864"
"177",2617,"Syracuse",-76.1474244,43.0481221,"144669"
"178",6785,"Mesquite",-96.5991593,32.7667955,"143484"
"179",3851,"Dayton",-84.1916069,39.7589478,"143355"
"180",6435,"Savannah",-81.0998342,32.0835407,"142772"
"181",4730,"Clarksville",-87.3594528,36.5297706,"142357"
"182",5693,"Orange",-117.8531119,33.7877944,"139969"
"183",6217,"Pasadena",-118.1445155,34.1477849,"139731"
"184",5515,"Fullerton",-117.9242966,33.8703596,"138981"
"185",6356,"Killeen",-97.7277959,31.1171194,"137147"
"186",5243,"Frisco",-96.8236116,33.1506744,"136791"
"187",4588,"Hampton",-76.3452218,37.0298687,"136699"
"188",9050,"McAllen",-98.2300124,26.2034071,"136639"
"189",3032,"Warren",-83.0146526,42.5144566,"134873"
"190",2228,"Bellevue",-122.2006786,47.610377,"133992"
"191",3423,"West Valley City",-112.0010501,40.6916132,"133579"
"192",6506,"Columbia",-81.0348144,34.0007104,"133358"
"193",4015,"Olathe",-94.8191285,38.8813958,"131885"
"194",2539,"Sterling Heights",-83.0302033,42.5803122,"131224"
"195",2996,"New Haven",-72.9278835,41.308274,"130660"
"196",9671,"Miramar",-80.3035602,25.9860762,"130288"
"197",6560,"Waco",-97.1466695,31.549333,"129030"
"198",3877,"Thousand Oaks",-118.8375937,34.1705609,"128731"
"199",3324,"Cedar Rapids",-91.6656232,41.9778795,"128429"
"200",6375,"Charleston",-79.9310512,32.7764749,"127999"
"201",5211,"Visalia",-119.2920585,36.3302284,"127763"
"202",4082,"Topeka",-95.6890185,39.0558235,"127679"
"203",3735,"Elizabeth",-74.2107006,40.6639916,"127558"
"204",7045,"Gainesville",-82.3248262,29.6516344,"127488"
"205",3159,"Thornton",-104.9719243,39.8680412,"127359"
"206",4873,"Roseville",-121.2880059,38.7521235,"127035"
"207",6785,"Carrollton",-96.8899636,32.9756415,"126700"
"208",9238,"Coral Springs",-80.2706044,26.271192,"126604"
"209",3123,"Stamford",-73.5387341,41.0534302,"126456"
"210",5293,"Simi Valley",-118.781482,34.2694474,"126181"
"211",4136,"Concord",-122.0310733,37.9779776,"125880"
"212",3036,"Hartford",-72.6850932,41.7637111,"125017"
"213",2236,"Kent",-122.2348431,47.3809335,"124435"
"214",7247,"Lafayette",-92.0198427,30.2240897,"124276"
"215",6193,"Midland",-102.0779146,31.9973456,"123933"
"216",8496,"Surprise",-112.3679279,33.6292337,"123546"
"217",6108,"Denton",-97.1330683,33.2148412,"123099"
"218",5058,"Victorville",-117.2927641,34.5362184,"121096"
"219",5060,"Evansville",-87.5710898,37.9715592,"120310"
"220",4013,"Santa Clara",-121.9552356,37.3541079,"120245"
"221",6019,"Abilene",-99.7331439,32.4487364,"120099"
"222",5285,"Athens-Clarke County",-83.357567,33.9519347,"119980"
"223",2773,"Vallejo",-122.2566367,38.1040864,"118837"
"224",2993,"Allentown",-75.4901833,40.6084305,"118577"
"225",5008,"Norman",-97.4394777,35.2225668,"118197"
"226",7077,"Beaumont",-94.1265562,30.080174,"117796"
"227",3922,"Independence",-94.4155068,39.0911161,"117240"
"228",4454,"Murfreesboro",-86.39027,35.8456213,"117044"
"229",2925,"Ann Arbor",-83.7430378,42.2808256,"117025"
"230",3666,"Springfield",-89.6501481,39.7817213,"117006"
"231",3075,"Berkeley",-122.272747,37.8715926,"116768"
"232",3486,"Peoria",-89.5889864,40.6936488,"116513"
"233",3429,"Provo",-111.6585337,40.2338438,"116288"
"234",5608,"El Monte",-118.0275667,34.0686206,"115708"
"235",4211,"Columbia",-92.3340724,38.9517053,"115276"
"236",2675,"Lansing",-84.5555347,42.732535,"113972"
"237",2500,"Fargo",-96.7898034,46.8771863,"113658"
"238",6370,"Downey",-118.1331593,33.9401088,"113242"
"239",4347,"Costa Mesa",-117.9186689,33.6411316,"112174"
"240",5653,"Wilmington",-77.9447102,34.2257255,"112067"
"241",2547,"Arvada",-105.0874842,39.8027644,"111707"
"242",4616,"Inglewood",-118.3531311,33.9616801,"111542"
"243",9665,"Miami Gardens",-80.2456045,25.9420377,"111378"
"244",3913,"Carlsbad",-117.3505939,33.1580933,"110972"
"245",3159,"Westminster",-105.0372046,39.8366528,"110945"
"246",2586,"Rochester",-92.4801989,44.0121221,"110742"
"247",6053,"Odessa",-102.3676431,31.8456816,"110720"
"248",2556,"Manchester",-71.4547891,42.9956397,"110378"
"249",2926,"Elgin",-88.2825668,42.0354084,"110145"
"250",3421,"West Jordan",-111.9391031,40.6096698,"110077"
"251",6536,"Round Rock",-97.678896,30.5082551,"109821"
"252",8691,"Clearwater",-82.8001026,27.9658533,"109703"
"253",2323,"Waterbury",-73.0514965,41.5581525,"109676"
"254",2385,"Gresham",-122.4302013,45.5001357,"109397"
"255",4335,"Fairfield",-122.0399663,38.2493581,"109320"
"256",2689,"Billings",-108.5006904,45.7832856,"109059"
"257",2610,"Lowell",-71.3161718,42.6334247,"108861"
"258",3648,"San Buenaventura (Ventura)",-119.2290316,34.274646,"108817"
"259",3544,"Pueblo",-104.6091409,38.2544472,"108249"
"260",4830,"High Point",-80.0053176,35.9556923,"107741"
"261",5608,"West Covina",-117.9389526,34.0686208,"107740"
"262",3237,"Richmond",-122.3477486,37.9357576,"107571"
"263",5713,"Murrieta",-117.2139232,33.5539143,"107479"
"264",2856,"Cambridge",-71.1097335,42.3736158,"107289"
"265",4547,"Antioch",-121.805789,38.0049214,"107100"
"266",5463,"Temecula",-117.1483648,33.4936391,"106780"
"267",5515,"Norwalk",-118.081733,33.9022367,"106589"
"268",2562,"Centennial",-104.8771726,39.5807452,"106114"
"269",1879,"Everett",-122.2020794,47.9789848,"105370"
"270",8208,"Palm Bay",-80.5886646,28.0344621,"104898"
"271",5788,"Wichita Falls",-98.4933873,33.9137085,"104898"
"272",2180,"Green Bay",-88.019826,44.519159,"104779"
"273",2027,"Daly City",-122.4702079,37.6879241,"104739"
"274",5202,"Burbank",-118.3089661,34.1808392,"104709"
"275",6785,"Richardson",-96.7298519,32.9483335,"104475"
"276",9630,"Pompano Beach",-80.1247667,26.2378597,"104410"
"277",6179,"North Charleston",-79.9748103,32.8546197,"104054"
"278",4873,"Broken Arrow",-95.7974526,36.060949,"103500"
"279",2809,"Boulder",-105.2705456,40.0149856,"103166"
"280",9270,"West Palm Beach",-80.0533746,26.7153424,"102436"
"281",2891,"Santa Maria",-120.4357191,34.9530337,"102216"
"282",5606,"El Cajon",-116.9625269,32.7947731,"102211"
"283",3605,"Davenport",-90.5776367,41.5236437,"102157"
"284",6102,"Rialto",-117.3703235,34.1064001,"101910"
"285",5175,"Las Cruces",-106.7636538,32.3199396,"101324"
"286",3098,"San Mateo",-122.3255254,37.5629917,"101128"
"287",6096,"Lewisville",-96.994174,33.046233,"101074"
"288",2983,"South Bend",-86.2519898,41.6763545,"100886"
"289",8763,"Lakeland",-81.9498042,28.0394654,"100710"
"290",2799,"Erie",-80.085059,42.1292241,"100671"
"291",6202,"Tyler",-95.3010624,32.3512601,"100223"
"292",7280,"Pearland",-95.2860474,29.5635666,"100065"
"293",7240,"College Station",-96.3344068,30.627977,"100050"
"294",2548,"Kenosha",-87.8211854,42.5847425,"99889"
"295",5074,"Sandy Springs",-84.3733147,33.9304352,"99770"
"296",5601,"Clovis",-119.7029194,36.8252277,"99769"
"297",2509,"Flint",-83.6874562,43.0125274,"99763"
"298",3997,"Roanoke",-79.9414266,37.2709704,"98465"
"299",2649,"Albany",-73.7562317,42.6525793,"98424"
"300",5837,"Jurupa Valley",-117.4854802,33.9971974,"98030"
"301",5154,"Compton",-118.2200712,33.8958492,"97877"
"302",6009,"San Angelo",-100.4370375,31.4637723,"97492"
"303",2710,"Hillsboro",-122.989827,45.5228939,"97368"
"304",5611,"Lawton",-98.3959291,34.6035669,"97151"
"305",2194,"Renton",-122.2170661,47.4828776,"97003"
"306",4814,"Vista",-117.2425355,33.2000368,"96929"
"307",9327,"Davie",-80.2521157,26.0764783,"96830"
"308",3339,"Greeley",-104.7091322,40.4233142,"96539"
"309",4942,"Mission Viejo",-117.6719953,33.6000232,"96346"
"310",4742,"Portsmouth",-76.2982742,36.8354258,"96205"
"311",3000,"Dearborn",-83.1763145,42.3222599,"95884"
"312",5648,"South Gate",-118.2120161,33.954737,"95677"
"313",6029,"Tuscaloosa",-87.5691735,33.2098407,"95334"
"314",3000,"Livonia",-83.3527097,42.36837,"95208"
"315",3032,"New Bedford",-70.934205,41.6362152,"95078"
"316",4518,"Vacaville",-121.9877444,38.3565773,"94275"
"317",2507,"Brockton",-71.0183787,42.0834335,"94089"
"318",4331,"Roswell",-84.3615555,34.0232431,"94034"
"319",2415,"Beaverton",-122.8037102,45.487062,"93542"
"320",2744,"Quincy",-71.0022705,42.2528772,"93494"
"321",2716,"Sparks",-119.7526886,39.5349112,"93282"
"322",2927,"Yakima",-120.5058987,46.6020711,"93257"
"323",3884,"Lee's Summit",-94.3821724,38.9108408,"93184"
"324",2246,"Federal Way",-122.3126222,47.3223221,"92734"
"325",4604,"Carson",-118.281693,33.8316745,"92599"
"326",4237,"Santa Monica",-118.4911912,34.0194543,"92472"
"327",5058,"Hesperia",-117.3008784,34.4263886,"92147"
"328",5886,"Allen",-96.6705503,33.1031744,"92020"
"329",3205,"Rio Rancho",-106.6630437,35.2327544,"91956"
"330",9493,"Yuma",-114.6276916,32.6926512,"91923"
"331",5693,"Westminster",-117.9939921,33.7513419,"91739"
"332",3310,"Orem",-111.6946475,40.2968979,"91648"
"333",2442,"Lynn",-70.9494938,42.466763,"91589"
"334",4989,"Redding",-122.3916754,40.5865396,"91119"
"335",2185,"Spokane Valley",-117.2393748,47.6732281,"91113"
"336",9581,"Miami Beach",-80.1300455,25.790654,"91026"
"337",6954,"League City",-95.0949303,29.5074538,"90983"
"338",3953,"Lawrence",-95.2352501,38.9716689,"90811"
"339",4286,"Santa Barbara",-119.6981901,34.4208305,"90412"
"340",9327,"Plantation",-80.2331036,26.1275862,"90268"
"341",3421,"Sandy",-111.8389726,40.5649781,"90231"
"342",9327,"Sunrise",-80.256595,26.1669711,"90116"
"343",5814,"Macon",-83.6324022,32.8406946,"89981"
"344",2508,"Longmont",-105.1019275,40.1672068,"89919"
"345",9465,"Boca Raton",-80.1289321,26.3683064,"89407"
"346",5530,"San Marcos",-117.1661449,33.1433723,"89387"
"347",5124,"Greenville",-77.3663538,35.612661,"89130"
"348",2758,"Waukegan",-87.8447938,42.3636331,"88826"
"349",2959,"Fall River",-71.1550451,41.7014912,"88697"
"350",4544,"Chico",-121.8374777,39.7284944,"88077"
"351",2856,"Newton",-71.2092214,42.3370413,"87971"
"352",2919,"San Leandro",-122.1560768,37.7249296,"87965"
"353",3261,"Reading",-75.9268747,40.3356483,"87893"
"354",3123,"Norwalk",-73.4081575,41.117744,"87776"
"355",5322,"Fort Smith",-94.3985475,35.3859242,"87650"
"356",4347,"Newport Beach",-117.9289469,33.6189101,"87273"
"357",3779,"Asheville",-82.5514869,35.5950581,"87236"
"358",2483,"Nashua",-71.467566,42.7653662,"87137"
"359",4939,"Edmond",-97.4780954,35.6528323,"87004"
"360",6370,"Whittier",-118.032844,33.9791793,"86635"
"361",2889,"Nampa",-116.5634624,43.5407172,"86518"
"362",2831,"Bloomington",-93.2982799,44.840798,"86319"
"363",8344,"Deltona",-81.2636738,28.9005446,"86290"
"364",5154,"Hawthorne",-118.3525748,33.9164032,"86199"
"365",1451,"Duluth",-92.1004852,46.7866719,"86128"
"366",3322,"Carmel",-86.1180435,39.978371,"85927"
"367",4613,"Suffolk",-76.5835621,36.7282054,"85728"
"368",3221,"Clifton",-74.1637553,40.8584328,"85390"
"369",4873,"Citrus Heights",-121.2810611,38.7071247,"85285"
"370",4108,"Livermore",-121.7680088,37.6818745,"85156"
"371",4971,"Tracy",-121.4252227,37.7396513,"84691"
"372",5608,"Alhambra",-118.1270146,34.095287,"84577"
"373",2099,"Kirkland",-122.2087353,47.6814875,"84430"
"374",3374,"Trenton",-74.7429384,40.2170534,"84349"
"375",3301,"Ogden",-111.9738304,41.223,"84249"
"376",5361,"Hoover",-86.8113781,33.4053867,"84126"
"377",3400,"Cicero",-87.7539448,41.8455877,"84103"
"378",3322,"Fishers",-86.01335,39.9567548,"83891"
"379",7957,"Sugar Land",-95.6349463,29.6196787,"83860"
"380",3045,"Danbury",-73.4540111,41.394817,"83684"
"381",3133,"Meridian",-116.3915131,43.6121087,"83596"
"382",9432,"Indio",-116.2155619,33.7205771,"83539"
"383",4816,"Concord",-80.579511,35.4087517,"83506"
"384",5463,"Menifee",-117.185294,33.6971468,"83447"
"385",3452,"Champaign",-88.2433829,40.1164204,"83424"
"386",5515,"Buena Park",-117.9981181,33.8675143,"82882"
"387",2614,"Troy",-83.1497751,42.6064095,"82821"
"388",4035,"O'Fallon",-90.6998477,38.8106075,"82809"
"389",4331,"Johns Creek",-84.198579,34.0289259,"82788"
"390",1801,"Bellingham",-122.4781473,48.74908,"82631"
"391",3033,"Westland",-83.400211,42.324204,"82578"
"392",3624,"Bloomington",-86.5263857,39.165325,"82575"
"393",3083,"Sioux City",-96.4003069,42.4999942,"82459"
"394",2961,"Warwick",-71.4161671,41.7001009,"81971"
"395",5416,"Hemet",-116.9719684,33.7475203,"81750"
"396",6140,"Longview",-94.7404891,32.5007037,"81443"
"397",2614,"Farmington Hills",-83.3677168,42.4989936,"81295"
"398",1551,"Bend",-121.3153096,44.0581728,"81236"
"399",5394,"Lakewood",-118.1339563,33.8536269,"81121"
"400",4858,"Merced",-120.4829677,37.3021632,"81102"
"401",9283,"Mission",-98.3252932,26.2159066,"81050"
"402",5071,"Chino",-117.688944,34.0122346,"80988"
"403",3612,"Redwood City",-122.2363548,37.4852152,"80872"
"404",9050,"Edinburg",-98.1633432,26.3017374,"80836"
"405",2961,"Cranston",-71.4372796,41.7798226,"80566"
"406",3131,"Parma",-81.7229086,41.4047742,"80429"
"407",3191,"New Rochelle",-73.7823549,40.9114882,"79446"
"408",4942,"Lake Forest",-117.689218,33.6469661,"79312"
"409",3776,"Napa",-122.286865,38.2975381,"79068"
"410",3179,"Hammond",-87.5000412,41.5833688,"78967"
"411",4466,"Fayetteville",-94.1574263,36.0625795,"78960"
"412",3380,"Bloomington",-88.9936873,40.4842027,"78902"
"413",8168,"Avondale",-112.3496021,33.4355977,"78822"
"414",2936,"Somerville",-71.0994968,42.3875968,"78804"
"415",7180,"Palm Coast",-81.2078699,29.5844524,"78740"
"416",7240,"Bryan",-96.3699632,30.6743643,"78709"
"417",3005,"Gary",-87.3464271,41.5933696,"78450"
"418",8691,"Largo",-82.7873244,27.9094665,"78409"
"419",2722,"Brooklyn Park",-93.3563405,45.0941315,"78373"
"420",5693,"Tustin",-117.826166,33.7458511,"78327"
"421",2492,"Racine",-87.7828523,42.7261309,"78199"
"422",9465,"Deerfield Beach",-80.0997657,26.3184123,"78041"
"423",3440,"Lynchburg",-79.1422464,37.4137536,"78014"
"424",3872,"Mountain View",-122.0838511,37.3860517,"77846"
"425",2483,"Medford",-122.8755949,42.3265152,"77677"
"426",2842,"Lawrence",-71.1631137,42.7070354,"77657"
"427",5394,"Bellflower",-118.1170117,33.8816818,"77593"
"428",8208,"Melbourne",-80.6081089,28.0836269,"77508"
"429",3771,"St. Joseph",-94.846681,39.7674578,"77147"
"430",4179,"Camden",-75.1196199,39.9259463,"76903"
"431",5844,"St. George",-113.5684164,37.0965278,"76817"
"432",3383,"Kennewick",-119.1372338,46.2112458,"76762"
"433",5608,"Baldwin Park",-117.9608978,34.0852868,"76635"
"434",5071,"Chino Hills",-117.7325848,33.9898188,"76572"
"435",3436,"Alameda",-122.2416355,37.7652065,"76419"
"436",6308,"Albany",-84.155741,31.5785074,"76185"
"437",2949,"Arlington Heights",-87.9806265,42.0883603,"75994"
"438",2694,"Scranton",-75.6624122,41.408969,"75806"
"439",3131,"Evanston",-87.6876969,42.0450722,"75570"
"440",2824,"Kalamazoo",-85.5872286,42.2917069,"75548"
"441",7262,"Baytown",-94.9774274,29.7355047,"75418"
"442",5705,"Upland",-117.6483876,34.09751,"75413"
"443",4466,"Springdale",-94.1288141,36.1867442,"75229"
"444",2993,"Bethlehem",-75.3704579,40.6259316,"75018"
"445",2792,"Schaumburg",-88.0834059,42.0333607,"74907"
"446",6143,"Mount Pleasant",-79.8284258,32.8323225,"74885"
"447",2236,"Auburn",-122.2284532,47.3073228,"74860"
"448",3824,"Decatur",-88.9548001,39.8403147,"74710"
"449",3711,"San Ramon",-121.9780153,37.7799273,"74513"
"450",3862,"Pleasanton",-121.8746789,37.6624312,"74110"
"451",2822,"Wyoming",-85.7053085,42.9133602,"74100"
"452",7018,"Lake Charles",-93.2173758,30.2265949,"74024"
"453",2686,"Plymouth",-93.4555093,45.0105194,"73987"
"454",3167,"Bolingbrook",-88.0683955,41.6986416,"73936"
"455",9050,"Pharr",-98.1836216,26.1947962,"73790"
"456",2568,"Appleton",-88.4153847,44.2619309,"73596"
"457",4809,"Gastonia",-81.1873005,35.262082,"73209"
"458",4873,"Folsom",-121.1760583,38.6779591,"73098"
"459",3000,"Southfield",-83.2218731,42.4733688,"73006"
"460",2614,"Rochester Hills",-83.1499322,42.6583661,"72952"
"461",3032,"New Britain",-72.7795419,41.6612104,"72939"
"462",8168,"Goodyear",-112.3576567,33.4353394,"72864"
"463",2853,"Canton",-81.378447,40.7989473,"72535"
"464",5688,"Warner Robins",-83.624201,32.6130007,"72531"
"465",3625,"Union City",-122.0438298,37.5933918,"72528"
"466",5463,"Perris",-117.2286478,33.7825194,"72326"
"467",4558,"Manteca",-121.2160526,37.7974273,"71948"
"468",3226,"Iowa City",-91.5301683,41.6611277,"71591"
"469",4793,"Jonesboro",-90.704279,35.8422967,"71551"
"470",3580,"Wilmington",-75.5397878,39.7390721,"71525"
"471",5154,"Lynwood",-118.2114603,33.930293,"71371"
"472",2342,"Loveland",-105.0749801,40.3977612,"71334"
"473",2961,"Pawtucket",-71.3825558,41.878711,"71172"
"474",9199,"Boynton Beach",-80.0905465,26.5317866,"71097"
"475",2494,"Waukesha",-88.2314813,43.0116784,"71016"
"476",6704,"Gulfport",-89.0928155,30.3674198,"71012"
"477",5058,"Apple Valley",-117.1858759,34.5008311,"70924"
"478",3623,"Passaic",-74.1284764,40.8567662,"70868"
"479",2627,"Rapid City",-103.2310149,44.0805434,"70812"
"480",3212,"Layton",-111.9710529,41.0602216,"70790"
"481",3424,"Lafayette",-86.8752869,40.4167022,"70373"
"482",4977,"Turlock",-120.8465941,37.4946568,"70365"
"483",3370,"Muncie",-85.3863599,40.1933767,"70316"
"484",6321,"Temple",-97.342782,31.0982344,"70190"
"485",7957,"Missouri City",-95.5377215,29.6185669,"70185"
"486",5551,"Redlands",-117.1825381,34.0555693,"69999"
"487",2479,"Santa Fe",-105.937799,35.6869752,"69976"
"488",9327,"Lauderhill",-80.2133808,26.1403635,"69813"
"489",4013,"Milpitas",-121.8995741,37.4323341,"69783"
"490",2721,"Palatine",-88.03424,42.1103041,"69350"
"491",1832,"Missoula",-113.996586,46.8787176,"69122"
"492",5332,"Rock Hill",-81.0250784,34.9248667,"69103"
"493",5519,"Jacksonville",-77.4302414,34.7540524,"69079"
"494",4554,"Franklin",-86.8688899,35.9250637,"68886"
"495",1626,"Flagstaff",-111.651302,35.1982836,"68667"
"496",6096,"Flower Mound",-97.0969552,33.0145673,"68609"
"497",9671,"Weston",-80.3997748,26.1003654,"68388"
"498",2988,"Waterloo",-92.3425775,42.492786,"68366"
"499",3299,"Union City",-74.2631635,40.6975898,"68247"
"500",3191,"Mount Vernon",-73.8370786,40.9125992,"68224"
"501",9182,"Fort Myers",-81.8723084,26.640628,"68190"
"502",6376,"Dothan",-85.3904888,31.2232313,"68001"
"503",4917,"Rancho Cordova",-121.302728,38.5890723,"67911"
"504",4604,"Redondo Beach",-118.3884078,33.8491816,"67815"
"505",4978,"Jackson",-88.8139469,35.6145169,"67685"
"506",3383,"Pasco",-119.1005657,46.2395793,"67599"
"507",3905,"St. Charles",-90.4974359,38.7881062,"67569"
"508",2517,"Eau Claire",-91.4984941,44.811349,"67545"
"509",6349,"North Richland Hills",-97.2289029,32.8342952,"67317"
"510",2297,"Bismarck",-100.7837392,46.8083268,"67034"
"511",6237,"Yorba Linda",-117.8131125,33.8886259,"67032"
"512",7361,"Kenner",-90.2417434,29.9940924,"66975"
"513",4451,"Walnut Creek",-122.0651819,37.9100783,"66900"
"514",4120,"Frederick",-77.4105409,39.4142688,"66893"
"515",2647,"Oshkosh",-88.5426136,44.0247062,"66778"
"516",4547,"Pittsburg",-121.8846806,38.0279762,"66695"
"517",3349,"Palo Alto",-122.1430195,37.4418834,"66642"
"518",6163,"Bossier City",-93.7321228,32.5159852,"66333"
"519",2124,"Portland",-70.2553259,43.661471,"66318"
"520",2284,"St. Cloud",-94.1632404,45.5579451,"66297"
"521",4481,"Davis",-121.7405167,38.5449065,"66205"
"522",3098,"South San Francisco",-122.4077498,37.654656,"66174"
"523",3877,"Camarillo",-119.0376023,34.2163937,"66086"
"524",5561,"North Little Rock",-92.2670941,34.769536,"66075"
"525",2649,"Schenectady",-73.9395687,42.8142432,"65902"
"526",3841,"Gaithersburg",-77.2013705,39.1434406,"65690"
"527",8807,"Harlingen",-97.6961026,26.1906306,"65665"
"528",2719,"Woodbury",-92.9593797,44.9238552,"65656"
"529",2831,"Eagan",-93.1668858,44.8041322,"65453"
"530",5327,"Yuba City",-121.6169108,39.1404477,"65416"
"531",2722,"Maple Grove",-93.4557877,45.0724642,"65415"
"532",3164,"Youngstown",-80.6495194,41.0997803,"65184"
"533",3131,"Skokie",-87.7416246,42.0324025,"65176"
"534",8013,"Kissimmee",-81.407571,28.2919557,"65173"
"535",3747,"Johnson City",-82.3534727,36.3134397,"65123"
"536",7349,"Victoria",-97.0035982,28.8052674,"65098"
"537",4605,"San Clemente",-117.6119925,33.4269728,"65040"
"538",3735,"Bayonne",-74.1143091,40.6687141,"65028"
"539",4605,"Laguna Niguel",-117.7075526,33.5225261,"64652"
"540",3077,"East Orange",-74.2048677,40.767323,"64544"
"541",4480,"Shawnee",-94.7151865,39.0228485,"64323"
"542",9048,"Homestead",-80.4775569,25.4687224,"64079"
"543",3841,"Rockville",-77.1527578,39.0839973,"64072"
"544",9199,"Delray Beach",-80.0728201,26.4614625,"64072"
"545",2768,"Janesville",-89.0187222,42.6827885,"63820"
"546",5011,"Conway",-92.4421011,35.0886963,"63816"
"547",6370,"Pico Rivera",-118.096735,33.9830688,"63771"
"548",2903,"Lorain",-82.1823746,41.452819,"63710"
"549",6370,"Montebello",-118.1137535,34.0165053,"63495"
"550",4461,"Lodi",-121.2722194,38.1341477,"63338"
"551",6682,"New Braunfels",-98.1244531,29.7030024,"63279"
"552",1879,"Marysville",-122.1770818,48.0517637,"63269"
"553",9238,"Tamarac",-80.2497707,26.2128609,"63155"
"554",4885,"Madera",-120.0607176,36.9613356,"63105"
"555",6933,"Conroe",-95.4560512,30.3118769,"63032"
"556",3319,"Santa Cruz",-122.0307963,36.9741171,"62864"
"557",2812,"Eden Prairie",-93.470786,44.8546856,"62603"
"558",2056,"Cheyenne",-104.8202462,41.1399814,"62448"
"559",7695,"Daytona Beach",-81.0228331,29.2108147,"62316"
"560",4331,"Alpharetta",-84.2940899,34.0753762,"62298"
"561",3473,"Hamilton",-84.5613355,39.3995008,"62258"
"562",2755,"Waltham",-71.2356113,42.3764852,"62227"
"563",2722,"Coon Rapids",-93.3030063,45.1732394,"62103"
"564",2460,"Haverhill",-71.0772796,42.7762015,"62088"
"565",3504,"Council Bluffs",-95.8608333,41.2619444,"61969"
"566",3033,"Taylor",-83.2696509,42.240872,"61817"
"567",2283,"Utica",-75.232664,43.100903,"61808"
"568",2971,"Ames",-93.62,42.034722,"61792"
"569",5515,"La Habra",-117.9461734,33.9319578,"61653"
"570",4309,"Encinitas",-117.2919818,33.0369867,"61588"
"571",4423,"Bowling Green",-86.4808043,36.9685219,"61488"
"572",2831,"Burnsville",-93.2777226,44.7677424,"61434"
"573",4789,"Greenville",-82.3940104,34.8526176,"61397"
"574",3466,"West Des Moines",-93.711332,41.5772115,"61255"
"575",7342,"Cedar Park",-97.8202888,30.505198,"61238"
"576",5211,"Tulare",-119.3473379,36.2077288,"61170"
"577",6370,"Monterey Park",-118.1228476,34.0625106,"61085"
"578",3671,"Vineland",-75.0259637,39.4863773,"61050"
"579",3892,"Terre Haute",-87.4139092,39.4667034,"61025"
"580",9665,"North Miami",-80.1867138,25.8900949,"61007"
"581",6378,"Mansfield",-97.1416768,32.5631924,"60872"
"582",2958,"West Allis",-88.0070315,43.0166806,"60697"
"583",2663,"Bristol",-72.9492703,41.6717648,"60568"
"584",3764,"Taylorsville",-111.9388258,40.6677248,"60519"
"585",2936,"Malden",-71.066163,42.4250964,"60509"
"586",2815,"Meriden",-72.8070435,41.5381535,"60456"
"587",2722,"Blaine",-93.2349489,45.1607987,"60407"
"588",9270,"Wellington",-80.2683571,26.6617635,"60202"
"589",3872,"Cupertino",-122.0321823,37.3229978,"60189"
"590",2138,"Springfield",-123.0220289,44.0462362,"60177"
"591",4154,"Rogers",-94.1185366,36.3320196,"60112"
"592",2675,"St. Clair Shores",-82.8963604,42.4974085,"60070"
"593",5154,"Gardena",-118.3089624,33.8883487,"59957"
"594",2614,"Pontiac",-83.2910468,42.6389216,"59887"
"595",4949,"National City",-117.0991967,32.6781085,"59834"
"596",3671,"Grand Junction",-108.5506486,39.0638705,"59778"
"597",4873,"Rocklin",-121.2357828,38.7907339,"59738"
"598",4494,"Chapel Hill",-79.0558445,35.9131996,"59635"
"599",2109,"Casper",-106.313081,42.866632,"59628"
"600",3159,"Broomfield",-105.0866504,39.9205411,"59471"
"601",3268,"Petaluma",-122.6366524,38.232417,"59440"
"602",3882,"South Jordan",-111.929658,40.5621704,"59366"
"603",3112,"Springfield",-83.8088171,39.9242266,"59357"
"604",1828,"Great Falls",-111.2833449,47.4941836,"59351"
"605",3277,"Lancaster",-76.3055144,40.0378755,"59325"
"606",8438,"North Port",-82.2359254,27.044224,"59212"
"607",1897,"Lakewood",-122.518458,47.1717649,"59097"
"608",4733,"Marietta",-84.5499327,33.952602,"59089"
"609",3419,"San Rafael",-122.5310874,37.9735346,"58994"
"610",3032,"Royal Oak",-83.1446485,42.4894801,"58946"
"611",3057,"Des Plaines",-87.8833991,42.0333623,"58918"
"612",5648,"Huntington Park",-118.2250725,33.9816812,"58879"
"613",5684,"La Mesa",-117.0230839,32.7678287,"58642"
"614",3400,"Orland Park",-87.8539425,41.6303103,"58590"
"615",5495,"Auburn",-85.4807825,32.6098566,"58582"
"616",2698,"Lakeville",-93.24272,44.6496868,"58562"
"617",4805,"Owensboro",-87.1111676,37.7719074,"58416"
"618",5325,"Moore",-97.4867028,35.3395079,"58414"
"619",9270,"Jupiter",-80.0942087,26.9342246,"58298"
"620",2182,"Idaho Falls",-112.0339645,43.4916514,"58292"
"621",3149,"Dubuque",-90.6645718,42.5005583,"58253"
"622",5130,"Bartlett",-89.8739753,35.2045328,"58226"
"623",6223,"Rowlett",-96.56388,32.9029017,"58043"
"624",2489,"Novi",-83.4754913,42.48059,"57960"
"625",2852,"White Plains",-73.7629097,41.0339862,"57866"
"626",5608,"Arcadia",-118.0353449,34.1397292,"57639"
"627",2099,"Redmond",-122.121512,47.6739881,"57530"
"628",5713,"Lake Elsinore",-117.3272615,33.6680772,"57525"
"629",7860,"Ocala",-82.1400923,29.1871986,"57468"
"630",3179,"Tinley Park",-87.7932939,41.5731442,"57282"
"631",7695,"Port Orange",-80.9956105,29.1383165,"57203"
"632",2936,"Medford",-71.1061639,42.4184296,"57170"
"633",3400,"Oak Lawn",-87.7479528,41.719978,"57073"
"634",4657,"Rocky Mount",-77.7905339,35.9382103,"56954"
"635",3127,"Kokomo",-86.1336033,40.486427,"56895"
"636",9630,"Coconut Creek",-80.1789351,26.2517482,"56792"
"637",3673,"Bowie",-76.7791365,39.0067768,"56759"
"638",3400,"Berwyn",-87.7936685,41.8505874,"56758"
"639",5325,"Midwest City",-97.3967019,35.4495065,"56756"
"640",5107,"Fountain Valley",-117.9536697,33.7091847,"56707"
"641",7940,"Buckeye",-112.5837766,33.3703197,"56683"
"642",3000,"Dearborn Heights",-83.2732627,42.3369816,"56620"
"643",4979,"Woodland",-121.7732971,38.6785157,"56590"
"644",3322,"Noblesville",-86.0085955,40.0455917,"56540"
"645",6222,"Valdosta",-83.2784851,30.8327022,"56481"
"646",5541,"Diamond Bar",-117.8103367,34.0286226,"56449"
"647",4142,"Manhattan",-96.5716694,39.1836082,"56143"
"648",5606,"Santee",-116.9739167,32.8383828,"56105"
"649",2804,"Taunton",-71.0897674,41.900101,"56069"
"650",8344,"Sanford",-81.269453,28.8028612,"56002"
"651",3851,"Kettering",-84.1688274,39.6895036,"55870"
"652",3330,"New Brunswick",-74.4518188,40.4862157,"55831"
"653",4974,"Decatur",-86.9833417,34.6059253,"55816"
"654",2571,"Chicopee",-72.6078672,42.1487043,"55717"
"655",3324,"Anderson",-85.6802541,40.1053196,"55670"
"656",9519,"Margate",-80.206436,26.2445263,"55456"
"657",2744,"Weymouth Town",-70.9410356,42.2180724,"55419"
"658",3411,"Hempstead",-73.6187397,40.7062128,"55361"
"659",2176,"Corvallis",-123.2620435,44.5645659,"55298"
"660",5071,"Eastvale",-117.5848025,33.952463,"55191"
"661",5898,"Porterville",-119.0167679,36.06523,"55174"
"662",2996,"West Haven",-72.9469711,41.2705484,"55046"
"663",4547,"Brentwood",-121.6957863,37.931868,"55000"
"664",5394,"Paramount",-118.1597911,33.8894598,"54980"
"665",2231,"Grand Forks",-97.0328547,47.9252568,"54932"
"666",6536,"Georgetown",-97.6779842,30.6332618,"54898"
"667",4035,"St. Peters",-90.6298922,38.7874699,"54842"
"668",2099,"Shoreline",-122.3415178,47.7556531,"54790"
"669",2949,"Mount Prospect",-87.9372908,42.0664167,"54771"
"670",5137,"Hanford",-119.6456844,36.3274502,"54686"
"671",3278,"Normal",-88.9906312,40.5142026,"54664"
"672",5608,"Rosemead",-118.072846,34.0805651,"54561"
"673",2576,"Lehi",-111.8507662,40.3916172,"54382"
"674",2502,"Pocatello",-112.4455344,42.8713032,"54350"
"675",6102,"Highland",-117.2086513,34.1283442,"54291"
"676",3321,"Novato",-122.5697032,38.1074198,"54194"
"677",7150,"Port Arthur",-93.939947,29.8849504,"54135"
"678",2446,"Carson City",-119.7674034,39.1637984,"54080"
"679",7012,"San Marcos",-97.9413941,29.8832749,"54076"
"680",4468,"Hendersonville",-86.6199957,36.3047735,"54068"
"681",3305,"Elyria",-82.1076486,41.3683798,"53956"
"682",2936,"Revere",-71.0119948,42.4084302,"53756"
"683",7342,"Pflugerville",-97.6200043,30.4393696,"53752"
"684",3353,"Greenwood",-86.1066526,39.6136578,"53665"
"685",3504,"Bellevue",-95.9145568,41.1543623,"53663"
"686",2827,"Wheaton",-88.1070127,41.8661403,"53648"
"687",5077,"Smyrna",-84.5143761,33.8839926,"53438"
"688",8392,"Sarasota",-82.5306527,27.3364347,"53326"
"689",3922,"Blue Springs",-94.2816148,39.0169509,"53294"
"690",6102,"Colton",-117.3136547,34.0739016,"53243"
"691",6278,"Euless",-97.0819541,32.8370727,"53224"
"692",2395,"Castle Rock",-104.8560902,39.3722121,"53063"
"693",8764,"Cathedral City",-116.4668036,33.7805388,"52977"
"694",4074,"Kingsport",-82.5618186,36.548434,"52962"
"695",9028,"Lake Havasu City",-114.3224548,34.483901,"52844"
"696",6778,"Pensacola",-87.2169149,30.421309,"52703"
"697",3668,"Hoboken",-74.0323626,40.7439905,"52575"
"698",5161,"Yucaipa",-117.0430865,34.033625,"52536"
"699",2848,"Watsonville",-121.7568946,36.910231,"52477"
"700",2997,"Richland",-119.2844621,46.2856907,"52413"
"701",5542,"Delano",-119.2470536,35.7688425,"52403"
"702",2792,"Hoffman Estates",-88.1227199,42.0629915,"52398"
"703",4494,"Florissant",-90.322614,38.789217,"52363"
"704",6237,"Placentia",-117.8703363,33.8722371,"52206"
"705",3668,"West New York",-74.0143064,40.7878788,"52122"
"706",3862,"Dublin",-121.9357918,37.7021521,"52105"
"707",3400,"Oak Park",-87.7845025,41.8850317,"52066"
"708",2442,"Peabody",-70.9286609,42.5278731,"52044"
"709",3330,"Perth Amboy",-74.2654234,40.5067723,"51982"
"710",2648,"Battle Creek",-85.1797142,42.3211522,"51848"
"711",8554,"Bradenton",-82.5748194,27.4989278,"51763"
"712",4123,"Gilroy",-121.5682751,37.0057816,"51701"
"713",3114,"Milford",-73.064036,41.2306979,"51644"
"714",2176,"Albany",-123.1059282,44.6365107,"51583"
"715",3245,"Ankeny",-93.6001278,41.7317884,"51567"
"716",2924,"La Crosse",-91.2395807,43.8013556,"51522"
"717",4615,"Burlington",-79.4377991,36.0956918,"51510"
"718",6327,"DeSoto",-96.8570738,32.5896998,"51483"
"719",3135,"Harrisonburg",-78.8689155,38.4495688,"51395"
"720",2812,"Minnetonka",-93.4687489,44.9211836,"51368"
"721",3015,"Elkhart",-85.9766671,41.6819935,"51265"
"722",3131,"Lakewood",-81.7981908,41.4819932,"51143"
"723",5541,"Glendora",-117.865339,34.1361187,"51074"
"724",5685,"Southaven",-90.0125913,34.9889818,"50997"
"725",3836,"Charleston",-81.6326234,38.3498195,"50821"
"726",4681,"Joplin",-94.513281,37.0842271,"50789"
"727",4937,"Enid",-97.8783911,36.3955891,"50725"
"728",9270,"Palm Beach Gardens",-80.1386547,26.8233946,"50699"
"729",5074,"Brookhaven",-84.3365917,33.8651033,"50603"
"730",3512,"Plainfield",-74.4073736,40.6337136,"50588"
"731",3350,"Grand Island",-98.3420118,40.9263957,"50550"
"732",9432,"Palm Desert",-116.3744556,33.7222445,"50508"
"733",4623,"Huntersville",-80.8428504,35.410694,"50458"
"734",2415,"Tigard",-122.7714861,45.4312294,"50444"
"735",4015,"Lenexa",-94.7335709,38.9536174,"50344"
"736",2541,"Saginaw",-83.9508068,43.4194699,"50303"
"737",2822,"Kentwood",-85.6447492,42.8694731,"50233"
"738",9925,"Doral",-80.3553302,25.8195424,"50213"
"739",2698,"Apple Valley",-93.21772,44.7319094,"50201"
"740",6096,"Grapevine",-97.0780654,32.9342919,"50195"
"741",4605,"Aliso Viejo",-117.7256083,33.5676842,"50175"
"742",1836,"Sammamish",-122.0355736,47.6162683,"50169"
"743",8036,"Casa Grande",-111.7573521,32.8795022,"50111"
"744",8691,"Pinellas Park",-82.6995443,27.8428025,"49998"
"745",2858,"Troy",-73.6917851,42.7284117,"49974"
"746",4405,"West Sacramento",-121.530234,38.5804609,"49891"
"747",2063,"Burien",-122.3467918,47.4703767,"49858"
"748",2787,"Commerce City",-104.9338675,39.8083196,"49799"
"749",5882,"Monroe",-92.1193012,32.5093109,"49761"
"750",5515,"Cerritos",-118.0647871,33.8583483,"49707"
"751",2827,"Downers Grove",-88.0111746,41.8089191,"49670"
"752",9797,"Coral Gables",-80.2683838,25.72149,"49631"
"753",5007,"Wilson",-77.9155395,35.7212689,"49628"
"754",2466,"Niagara Falls",-79.0377388,43.0962143,"49468"
"755",4324,"Poway",-117.0358646,32.9628232,"49417"
"756",2831,"Edina",-93.3499489,44.8896866,"49376"
"757",3222,"Cuyahoga Falls",-81.4845585,41.1339449,"49267"
"758",4942,"Rancho Santa Margarita",-117.603104,33.640855,"49228"
"759",3163,"Harrisburg",-76.8867008,40.2731911,"49188"
"760",3979,"Huntington",-82.445154,38.4192496,"49177"
"761",5515,"La Mirada",-118.0120086,33.9172357,"49133"
"762",5515,"Cypress",-118.0372852,33.8169599,"49087"
"763",3258,"Caldwell",-116.6873596,43.6629384,"48957"
"764",2333,"Logan",-111.8338359,41.7369803,"48913"
"765",7342,"Galveston",-94.7976958,29.3013479,"48733"
"766",2531,"Sheboygan",-87.71453,43.7508284,"48725"
"767",3387,"Middletown",-84.3982763,39.5150576,"48630"
"768",3327,"Murray",-111.8879909,40.6668916,"48612"
"769",4953,"Roswell",-104.5230242,33.3942655,"48611"
"770",2371,"Parker",-104.7613633,39.5186002,"48608"
"771",6278,"Bedford",-97.1430671,32.844017,"48592"
"772",2766,"East Lansing",-84.4838654,42.7369792,"48554"
"773",2842,"Methuen",-71.1908924,42.7262016,"48514"
"774",5541,"Covina",-117.8903397,34.0900091,"48508"
"775",6584,"Alexandria",-92.4451371,31.3112936,"48426"
"776",1688,"Olympia",-122.9006951,47.0378741,"48338"
"777",3356,"Euclid",-81.5267873,41.5931049,"48139"
"778",2983,"Mishawaka",-86.1586156,41.6619927,"47989"
"779",4347,"Salina",-97.6114237,38.8402805,"47846"
"780",5541,"Azusa",-117.9075627,34.1336186,"47842"
"781",2982,"Newark",-82.4012642,40.0581205,"47777"
"782",4197,"Chesterfield",-90.5770675,38.6631083,"47749"
"783",3315,"Leesburg",-77.5636015,39.1156615,"47673"
"784",5074,"Dunwoody",-84.3346473,33.9462125,"47591"
"785",6266,"Hattiesburg",-89.2903392,31.3271189,"47556"
"786",2675,"Roseville",-82.9371409,42.4972583,"47555"
"787",9148,"Bonita Springs",-81.7786972,26.339806,"47547"
"788",2824,"Portage",-85.5800022,42.2011538,"47523"
"789",2686,"St. Louis Park",-93.3702186,44.9597376,"47411"
"790",4956,"Collierville",-89.6645266,35.042036,"47333"
"791",3032,"Middletown",-72.6506488,41.5623209,"47333"
"792",4784,"Stillwater",-97.0583681,36.1156071,"47186"
"793",2961,"East Providence",-71.3700545,41.8137116,"47149"
"794",3184,"Lawrence",-86.0252612,39.8386516,"47135"
"795",2873,"Wauwatosa",-88.0075875,43.0494572,"47134"
"796",2836,"Mentor",-81.339552,41.6661573,"46979"
"797",5259,"Ceres",-120.9577098,37.5949316,"46714"
"798",6327,"Cedar Hill",-96.9561152,32.5884689,"46663"
"799",2817,"Mansfield",-82.5154471,40.75839,"46454"
"800",2239,"Binghamton",-75.9179738,42.0986867,"46444"
"801",2100,"Coeur d'Alene",-116.7804664,47.6776832,"46402"
"802",3399,"San Luis Obispo",-120.6596156,35.2827524,"46377"
"803",2182,"Minot",-101.2922906,48.2329668,"46321"
"804",9043,"Palm Springs",-116.5452921,33.8302961,"46281"
"805",5558,"Pine Bluff",-92.0031955,34.2284312,"46094"
"806",7861,"Texas City",-94.9027002,29.383845,"46081"
"807",5780,"Summerville",-80.1756481,33.0185039,"46074"
"808",2756,"Twin Falls",-114.4608711,42.5629668,"45981"
"809",4298,"Jeffersonville",-85.7371847,38.2775702,"45929"
"810",5416,"San Jacinto",-116.958635,33.7839084,"45851"
"811",5313,"Madison",-86.7483318,34.6992579,"45799"
"812",2629,"Altoona",-78.3947359,40.5186809,"45796"
"813",3623,"Columbus",-85.9213796,39.2014404,"45775"
"814",3851,"Beavercreek",-84.0632685,39.7092262,"45712"
"815",8539,"Apopka",-81.5322149,28.6934076,"45587"
"816",3057,"Elmhurst",-87.9403418,41.8994744,"45556"
"817",7910,"Maricopa",-112.0476423,33.0581063,"45508"
"818",3225,"Farmington",-108.2186856,36.7280583,"45426"
"819",3131,"Glenview",-87.7878408,42.0697509,"45417"
"820",3356,"Cleveland Heights",-81.556235,41.5200518,"45394"
"821",3882,"Draper",-111.8638226,40.5246711,"45285"
"822",4440,"Lincoln",-121.2930079,38.891565,"45237"
"823",5270,"Sierra Vista",-110.2772856,31.5455001,"45129"
"824",1688,"Lacey",-122.8231915,47.0342629,"44919"
"825",6914,"Biloxi",-88.8853078,30.3960318,"44820"
"826",3131,"Strongsville",-81.83569,41.3144966,"44730"
"827",2568,"Barnstable Town",-70.3002024,41.7003208,"44641"
"828",6223,"Wylie",-96.5388789,33.0151201,"44575"
"829",3330,"Sayreville",-74.360846,40.4594021,"44412"
"830",4816,"Kannapolis",-80.6217341,35.4873613,"44359"
"831",3567,"Charlottesville",-78.4766781,38.0293059,"44349"
"832",2627,"Littleton",-105.0166498,39.613321,"44275"
"833",8419,"Titusville",-80.8075537,28.6122187,"44206"
"834",3623,"Hackensack",-74.0434736,40.8859325,"44113"
"835",3725,"Newark",-122.0402399,37.5296593,"44096"
"836",2030,"Pittsfield",-73.2453824,42.4500845,"44057"
"837",3497,"York",-76.727745,39.9625984,"43935"
"838",2827,"Lombard",-88.0078435,41.8800296,"43907"
"839",2537,"Attleboro",-71.2856082,41.9445441,"43886"
"840",2944,"DeKalb",-88.7503647,41.9294736,"43849"
"841",2857,"Blacksburg",-80.4139393,37.2295733,"43609"
"842",3274,"Dublin",-83.1140771,40.0992294,"43607"
"843",6349,"Haltom City",-97.2691817,32.7995738,"43580"
"844",3240,"Lompoc",-120.4579409,34.6391501,"43509"
"845",8754,"El Centro",-115.5630514,32.792,"43363"
"846",3711,"Danville",-121.9999606,37.8215929,"43341"
"847",4049,"Jefferson City",-92.1735164,38.5767017,"43330"
"848",8634,"Cutler Bay",-80.3468593,25.5808323,"43328"
"849",9529,"Oakland Park",-80.1319893,26.1723065,"43286"
"850",9671,"North Miami Beach",-80.1625463,25.9331488,"43250"
"851",3010,"Freeport",-73.5831835,40.6576022,"43167"
"852",3605,"Moline",-90.5151342,41.5067003,"43116"
"853",9432,"Coachella",-116.173894,33.6803003,"43092"
"854",8493,"Fort Pierce",-80.3256056,27.4467056,"43074"
"855",4202,"Smyrna",-86.5186045,35.9828412,"43060"
"856",3137,"Bountiful",-111.880771,40.8893895,"43023"
"857",2416,"Fond du Lac",-88.4470508,43.7730448,"42970"
"858",2936,"Everett",-71.0536625,42.40843,"42935"
"859",4351,"Danville",-79.3950228,36.5859718,"42907"
"860",6216,"Keller",-97.229298,32.9341893,"42907"
"861",4456,"Belleville",-89.9839935,38.5200504,"42895"
"862",6370,"Bell Gardens",-118.1514588,33.9652918,"42889"
"863",4426,"Cleveland",-84.8766115,35.1595182,"42774"
"864",9519,"North Lauderdale",-80.2258811,26.217305,"42757"
"865",3698,"Fairfield",-84.5603187,39.3454673,"42635"
"866",2605,"Salem",-70.8967155,42.51954,"42544"
"867",4604,"Rancho Palos Verdes",-118.3870173,33.7444613,"42448"
"868",3098,"San Bruno",-122.4110835,37.6304904,"42443"
"869",2296,"Concord",-71.5375718,43.2081366,"42419"
"870",2389,"Burlington",-73.212072,44.4758825,"42284"
"871",4636,"Apex",-78.8502856,35.732652,"42214"
"872",2632,"Midland",-84.2472116,43.6155825,"42181"
"873",8539,"Altamonte Springs",-81.3656242,28.6611089,"42150"
"874",4013,"Hutchinson",-97.9297743,38.0608445,"41889"
"875",2949,"Buffalo Grove",-87.9631308,42.1662831,"41778"
"876",3466,"Urbandale",-93.7121656,41.6266555,"41776"
"877",2858,"State College",-77.8600012,40.7933949,"41757"
"878",3452,"Urbana",-88.2072697,40.1105875,"41752"
"879",3167,"Plainfield",-88.2120315,41.632223,"41734"
"880",3780,"Manassas",-77.4752667,38.7509488,"41705"
"881",2792,"Bartlett",-88.1856301,41.9950276,"41679"
"882",3735,"Kearny",-74.1454214,40.7684342,"41664"
"883",7176,"Oro Valley",-110.966488,32.3909071,"41627"
"884",3278,"Findlay",-83.6499321,41.04422,"41512"
"885",3574,"Rohnert Park",-122.7010984,38.3396367,"41398"
"886",2571,"Westfield",-72.749538,42.1250929,"41301"
"887",3299,"Linden",-74.2445902,40.6220478,"41301"
"888",5177,"Sumter",-80.3414693,33.9204354,"41190"
"889",2694,"Wilkes-Barre",-75.8813075,41.2459149,"41108"
"890",2663,"Woonsocket",-71.5147839,42.0028761,"41026"
"891",2668,"Leominster",-71.759794,42.5250906,"41002"
"892",3114,"Shelton",-73.0931641,41.3164856,"40999"
"893",6237,"Brea",-117.9000604,33.9166805,"40963"
"894",3653,"Covington",-84.5085536,39.0836712,"40956"
"895",6223,"Rockwall",-96.4597089,32.9312336,"40922"
"896",5586,"Meridian",-88.703656,32.3643098,"40921"
"897",3882,"Riverton",-111.9391023,40.521893,"40921"
"898",8013,"St. Cloud",-81.2811801,28.2489016,"40918"
"899",3787,"Quincy",-91.4098726,39.9356016,"40915"
"900",4123,"Morgan Hill",-121.6543901,37.1305012,"40836"
"901",2511,"Warren",-80.8184166,41.2375569,"40768"
"902",1681,"Edmonds",-122.3773552,47.8106521,"40727"
"903",5923,"Burleson",-97.3208492,32.5420821,"40714"
"904",2406,"Beverly",-70.880049,42.5584283,"40664"
"905",2677,"Mankato",-93.9993996,44.1635775,"40641"
"906",3429,"Hagerstown",-77.7199932,39.6417629,"40612"
"907",3265,"Prescott",-112.4685025,34.5400242,"40590"
"908",3641,"Campbell",-121.9499568,37.2871651,"40584"
"909",2988,"Cedar Falls",-92.4453161,42.5348993,"40566"
"910",5161,"Beaumont",-116.977248,33.9294606,"40481"
"911",6370,"La Puente",-117.9495083,34.0200114,"40435"
"912",2665,"Crystal Lake",-88.3161965,42.2411344,"40388"
"913",2668,"Fitchburg",-71.8022955,42.5834228,"40383"
"914",3053,"Carol Stream",-88.1347927,41.9125286,"40379"
"915",4348,"Hickory",-81.3444573,35.7344538,"40361"
"916",2792,"Streamwood",-88.1784085,42.0255827,"40351"
"917",2802,"Norwich",-72.0759105,41.5242649,"40347"
"918",6096,"Coppell",-97.0150078,32.9545687,"40342"
"919",5608,"San Gabriel",-118.1058333,34.0961111,"40275"
"920",2571,"Holyoke",-72.6162009,42.2042586,"40249"
"921",4154,"Bentonville",-94.2088172,36.3728538,"40167"
"922",5174,"Florence",-87.677251,34.79981,"40059"
"923",5074,"Peachtree Corners",-84.2214551,33.9698929,"40059"
"924",4723,"Brentwood",-86.7827772,36.0331164,"40021"
"925",1785,"Bozeman",-111.0429339,45.6769979,"39860"
"926",2958,"New Berlin",-88.1084224,42.9764027,"39834"
"927",6179,"Goose Creek",-80.0325867,32.9810059,"39823"
"928",6773,"Huntsville",-95.5507771,30.7235263,"39795"
"929",3473,"Prescott Valley",-112.315721,34.6100243,"39791"
"930",2719,"Maplewood",-92.9952153,44.9530215,"39765"
"931",3167,"Romeoville",-88.0895061,41.6475306,"39650"
"932",6327,"Duncanville",-96.9083366,32.6518004,"39605"
"933",3581,"Atlantic City",-74.4229266,39.3642834,"39551"
"934",4243,"Clovis",-103.2052272,34.4047987,"39508"
"935",6096,"The Colony",-96.8928309,33.0806083,"39458"
"936",4830,"Culver City",-118.3964665,34.0211224,"39428"
"937",2717,"Marlborough",-71.5522874,42.3459271,"39414"
"938",6242,"Hilton Head Island",-80.752608,32.216316,"39412"
"939",2500,"Moorhead",-96.7678039,46.8737648,"39398"
"940",8754,"Calexico",-115.4988834,32.6789476,"39389"
"941",9055,"Bullhead City",-114.5285981,35.1359386,"39383"
"942",5130,"Germantown",-89.8100858,35.0867577,"39375"
"943",9432,"La Quinta",-116.3100095,33.6633573,"39331"
"944",3511,"Lancaster",-82.5993294,39.7136754,"39325"
"945",2186,"Wausau",-89.6301221,44.9591352,"39309"
"946",5603,"Sherman",-96.6088805,33.6356618,"39296"
"947",8539,"Ocoee",-81.5439619,28.5691677,"39172"
"948",2944,"Shakopee",-93.5272861,44.7973962,"39167"
"949",2607,"Woburn",-71.1522765,42.4792618,"39083"
"950",1967,"Bremerton",-122.6329356,47.5673202,"39056"
"951",3605,"Rock Island",-90.5787476,41.5094771,"38877"
"952",5046,"Muskogee",-95.3696909,35.7478769,"38863"
"953",4286,"Cape Girardeau",-89.5181476,37.3058839,"38816"
"954",4616,"Annapolis",-76.4921829,38.9784453,"38722"
"955",9270,"Greenacres",-80.1353896,26.6276276,"38696"
"956",7695,"Ormond Beach",-81.0558894,29.2858129,"38661"
"957",9671,"Hallandale Beach",-80.148379,25.9812024,"38632"
"958",5515,"Stanton",-117.9931165,33.8025155,"38623"
"959",2108,"Puyallup",-122.2928974,47.1853785,"38609"
"960",3137,"Pacifica",-122.4869194,37.6138253,"38606"
"961",2792,"Hanover Park",-88.1450735,41.9994722,"38510"
"962",6278,"Hurst",-97.1705678,32.8234621,"38448"
"963",3157,"Lima",-84.1052256,40.742551,"38355"
"964",7401,"Marana",-111.2224422,32.436381,"38290"
"965",2926,"Carpentersville",-88.2578582,42.1211364,"38241"
"966",4547,"Oakley",-121.7124536,37.9974219,"38194"
"967",3323,"Huber Heights",-84.1246608,39.843947,"38142"
"968",6125,"Lancaster",-96.7561082,32.5920798,"38071"
"969",5541,"Montclair",-117.6897776,34.0775104,"38027"
"970",2949,"Wheeling",-87.9289591,42.1391927,"38015"
"971",2873,"Brookfield",-88.1064787,43.0605671,"37999"
"972",3057,"Park Ridge",-87.8406192,42.0111412,"37839"
"973",5629,"Florence",-79.7625625,34.1954331,"37792"
"974",3097,"Roy",-112.0263313,41.1616108,"37733"
"975",8138,"Winter Garden",-81.5861847,28.5652787,"37711"
"976",2936,"Chelsea",-71.0328284,42.3917638,"37670"
"977",3474,"Valley Stream",-73.7084645,40.6642699,"37659"
"978",4804,"Spartanburg",-81.9320482,34.9495672,"37647"
"979",2824,"Lake Oswego",-122.6706498,45.4206749,"37610"
"980",7280,"Friendswood",-95.2010447,29.5293998,"37587"
"981",3487,"Westerville",-82.9290696,40.1261743,"37530"
"982",3159,"Northglenn",-104.9811468,39.8961821,"37499"
"983",6146,"Phenix City",-85.0007653,32.4709761,"37498"
"984",3457,"Grove City",-83.0929644,39.8814519,"37490"
"985",5803,"Texarkana",-94.0476882,33.425125,"37442"
"986",3057,"Addison",-87.9889556,41.931696,"37385"
"987",4068,"Dover",-75.5243682,39.158168,"37366"
"988",3000,"Lincoln Park",-83.1785361,42.2505943,"37313"
"989",3179,"Calumet City",-87.5294871,41.6155909,"37240"
"990",2581,"Muskegon",-86.2483921,43.2341813,"37213"
"991",9671,"Aventura",-80.1392121,25.9564812,"37199"
"992",3512,"Martinez",-122.1341321,38.0193657,"37165"
"993",2958,"Greenfield",-88.0125865,42.9614039,"37159"
"994",7880,"Apache Junction",-111.5495777,33.4150485,"37130"
"995",5608,"Monrovia",-118.0019482,34.1442616,"37101"
"996",8997,"Weslaco",-97.9908366,26.1595194,"37093"
"997",2283,"Keizer",-123.0262077,44.9901194,"37064"
"998",3244,"Spanish Fork",-111.654923,40.114955,"36956"
"999",2833,"Beloit",-89.0317765,42.5083482,"36888"
"1000",7152,"Panama City",-85.6602058,30.1588129,"36877"
